"","search_name","scientific_name"
"1","Lucicutia flavicornis","Lucicutia flavicornis"
"2","Posoqueria coriacea","Posoqueria coriacea"
"3","Polyalthia sumatrana","Polyalthia sumatrana"
"4","Harbansus bowenae","Harbansus bowenae"
"5","Calybites phasianipennella","Calybites phasianipennella"
"6","Pterostichus brittoni","Pterostichus brittoni"
"7","Pilumnus","Pilumnus"
"8","Embassichthys bathybius","Embassichthys bathybius"
"9","Corycaeus lautus","Corycaeus lautus"
"10","Biflustra limosa","Biflustra limosa"
"11","Stolephorus","Stolephorus"
"12","Pyrola","Pyrola"
"13","Linophrynidae","Linophrynidae"
"14","Pomacentrus moluccensis","Pomacentrus moluccensis"
"15","Inegocia ochiaii","Inegocia ochiaii"
"16","Monas","Monas"
"17","Echinogorgia","Echinogorgia"
"18","Arabella mutans","Arabella mutans"
"19","Decamastus gracilis","Decamastus gracilis"
"20","Bacillaria paradoxa","Bacillaria paradoxa"
"21","Chisocheton ceramicus","Chisocheton ceramicus"
"22","Sepiidae","Sepiidae"
"23","Ampelisca coeca","Ampelisca coeca"
"24","Lithophane baileyi","Lithophane baileyi"
"25","Erichsonella filiformis","Erichsonella filiformis"
"26","Calidris bairdii","Calidris bairdii"
"27","Jania corniculata","Jania corniculata"
"28","Ctenochaetus cyanocheilus","Ctenochaetus cyanocheilus"
"29","Gypsonoma dealbana","Gypsonoma dealbana"
"30","Bhesa paniculata","Bhesa paniculata"
"31","Sargocentron bullsi","Sargocentron bullisi"
"32","Aspidophoroides olriki","Aspidophoroides olriki"
"33","Euphorbia exstipulata","Euphorbia exstipulata"
"34","Amphiodia planispina","Amphiodia planispina"
"35","Bembras japonica","Bembras japonica"
"36","Tetraselmis","Tetraselmis"
"37","Actinostemon concepcionis","Actinostemon concepcionis"
"38","Scina oedicarpus","Scina oedicarpus"
"39","Etmopterus lucifer","Etmopterus lucifer"
"40","Apogonidae","Apogonidae"
"41","Astragalus convallarius","Astragalus convallarius"
"42","Pereionotus testudo","Pereionotus testudo"
"43","Maera othonis","Maera othonis"
"44","Cleome serrulata","Cleome"
"45","Bregmacerotidae","Bregmacerotidae"
"46","Oithona nishida","Oithona nishidai"
"47","Pterocarpus marsupium","Pterocarpus marsupium"
"48","Corbicula fluminea","Corbicula fluminea"
"49","Phippsiella minima","Phippsiella minima"
"50","Zeiraphera griseana","Zeiraphera griseana"
"51","Tetraedron minimum","Tetraedron minimum"
"52","Lepidotrigla guentheri","Lepidotrigla guentheri"
"53","Eupolymnia","Eupolymnia"
"54","Stichopus","Stichopus"
"55","Pseudophilyra woodmasoni","Pseudophilyra woodmasoni"
"56","Hyperlophus vittatus","Hyperlophus vittatus"
"57","Carpacoce spermacocea","Carpacoce spermacocea"
"58","Anthenea","Anthenea"
"59","Sloanea meianthera","Sloanea meianthera"
"60","Timo formosa","Tima formosa"
"61","Dissodactylus encopei","Dissodactylus encopei"
"62","Pantolabus radiatus","Pantolabus radiatus"
"63","Thalictrum alpinum","Thalictrum alpinum"
"64","Syllides","Syllides"
"65","Amathia alternata","Amathia alternata"
"66","Chronocerastes otakauensis","Chronocerastes otakauensis"
"67","Numenius madagascariensis","Numenius madagascariensis"
"68","Trochosphaera solstitialis","Trochosphaera solstitialis"
"69","Syrrhoites","Syrrhoites"
"70","Terebella pterochaeta","Terebella pterochaeta"
"71","Amphiblestrum flemingii","Amphiblestrum flemingii"
"72","Euaugaptilus diminutus","Euaugaptilus diminutus"
"73","Piper reticulatum","Piper reticulatum"
"74","Orbinia riseri","Orbinia riseri"
"75","Josephella marenzelleri","Josephella marenzelleri"
"76","Caenocara","Caenocara"
"77","Halymenia durvillei","Halymenia durvillei"
"78","Callopora rylandi","Callopora rylandi"
"79","Ypsolopha sylvella","Ypsolopha sylvella"
"80","Aspalathus abietina","Aspalathus abietina"
"81","Edmondia sesamoides","Edmondia sesamoides"
"82","Bryotropha senectella","Bryotropha senectella"
"83","Neodoris chrysoderma","Neodoris chrysoderma"
"84","Argyresthia fundella","Argyresthia fundella"
"85","Camptocercus rectirostris","Camptocercus rectirostris"
"86","Lethrinus xanthochilus","Lethrinus xanthochilus"
"87","Galathowenia oculata","Galathowenia oculata"
"88","Aphanocapsa","Aphanocapsa"
"89","Thalassarche melanoph","Thalassarche"
"90","Psoloessa texana","Psoloessa texana"
"91","Calliurichthys","Calliurichthys"
"92","Trigonolampa miriceps","Trigonolampa miriceps"
"93","Batea","Batea"
"94","Anadara secticostata","Anadara secticostata"
"95","Parelasmopus","Parelasmopus"
"96","Thamnaconus striatus","Thamnaconus striatus"
"97","Gaidius brevispinus","Gaidius brevispinus"
"98","Entodesma pictum","Entodesma pictum"
"99","Agrotera nemoralis","Agrotera nemoralis"
"100","Decamastus","Decamastus"
"101","Diacarnus","Diacarnus"
"102","Hologymnosus annulatus","Hologymnosus annulatus"
"103","Dysidea","Dysidea"
"104","Restio sarocladus","Restio saroclados"
"105","Iliacantha intermedia","Iliacantha intermedia"
"106","Dictyota","Dictyota"
"107","Dictyota acutiloba","Dictyota acutiloba"
"108","Cantherhines dumerilii","Cantherhines dumerilii"
"109","Histeridae","Histeridae"
"110","Calyptrosphaera","Calyptrosphaera"
"111","Calathus melanocephalus","Calathus melanocephalus"
"112","Hydrolagus trolli","Hydrolagus trolli"
"113","Planorbella","Planorbella"
"114","Loxodonta africana","Loxodonta africana"
"115","Equus burchelli","Equus burchelli"
"116","Exostesia didomatia","Exostesia didomatia"
"117","Sabellaria gracilis","Sabellaria gracilis"
"118","Tethygeneia pacifica","Tethygeneia pacifica"
"119","Neorites kevedianus","Neorites kevediana"
"120","Notomastus","Notomastus"
"121","Helianthus pauciflorus","Helianthus pauciflorus"
"122","Cossura pygodactylata","Cossura pygodactylata"
"123","Boccardiella ligerica","Boccardiella ligerica"
"124","Syracosphaera","Syracosphaera"
"125","Pleurobranchaea japonica","Pleurobranchaea japonica"
"126","Coscinarea exesa","Coscinaraea exesa"
"127","Mouriri glazioviana","Mouriri glazioviana"
"128","Clava leptostyla","Clava leptostyla"
"129","Saxicola torquatus","Saxicola torquatus"
"130","Trachodes hispidus","Trachodes hispidus"
"131","Aluterus monoceros","Aluterus monoceros"
"132","Euaugaptilus hecticus","Euaugaptilus hecticus"
"133","Nepeta cataria","Nepeta cataria"
"134","Oradarea longimana","Oradarea longimana"
"135","Calamorhynchus","Calamorhynchus"
"136","Vesicomya","Vesicomya"
"137","Stictyosiphon soriferus","Stictyosiphon soriferus"
"138","Oceanapia","Oceanapia"
"139","Capitellides jonesi","Capitellides jonesi"
"140","Pleurosigma normanii","Pleurosigma normanii"
"141","Spiophanes berkeleyorum","Spiophanes berkeleyorum"
"142","Dimocarpus longan","Dimocarpus longan"
"143","Monodonta turbinata","Monodonta turbinata"
"144","Zanthoxylum ovalifolium","Zanthoxylum ovalifolium"
"145","Anaitides arenae","Anaitides arenae"
"146","Assiminea succinea","Assiminea succinea"
"147","Cladotanytarsus","Cladotanytarsus"
"148","Metridia okhotensis","Metridia okhotensis"
"149","Ircinia","Ircinia"
"150","Cupania tenuivalvis","Cupania tenuivalvis"
"151","Haliophasma geminata","Haliophasma geminata"
"152","Anthophila fabriciana","Anthophila fabriciana"
"153","Pomacentridae","Pomacentridae"
"154","Pseudomma","Pseudomma"
"155","Abludomelita obtusata","Abludomelita obtusata"
"156","Caulerpa cactoides","Caulerpa cactoides"
"157","Ruvettus pretiosus","Ruvettus pretiosus"
"158","Reticulocythereis","Reticulocythereis"
"159","Echinodictyum asperum","Echinodictyum asperum"
"160","Eupithecia miserulata","Eupithecia miserulata"
"161","Rhus micophylla","Rhus microphylla"
"162","Zonotrichia albicollis","Zonotrichia albicollis"
"163","Capitella","Capitella"
"164","Jenkinsia stolifera","Jenkinsia stolifera"
"165","Valamugil cunnesius","Valamugil cunnesius"
"166","Chromis weberi","Chromis weberi"
"167","Gambelia wislizenii","Gambelia wislizenii"
"168","Anguilla dieffenbachii","Anguilla dieffenbachii"
"169","Anisoptera laevis","Anisoptera laevis"
"170","Leucolepas","Leucolepas"
"171","Vavaea amicorum","Vavaea amicorum"
"172","Autolytus","Autolytus"
"173","Cocconeis scutellum","Cocconeis scutellum"
"174","Hylobius abietis","Hylobius abietis"
"175","Lycenchelys verrillii","Lycenchelys verrillii"
"176","Pinnotheres shoemakeri","Pinnotheres shoemakeri"
"177","Enochrus bicolor","Enochrus bicolor"
"178","Chlorophthalmus atlanticus","Chlorophthalmus atlanticus"
"179","Pterodroma rostrata","Pterodroma rostrata"
"180","Haloptilus longicornis","Haloptilus longicornis"
"181","Plantago major","Plantago major"
"182","Chlorurus sordidus","Chlorurus sordidus"
"183","Henricia kapalae","Henricia kapalae"
"184","Delphineis spec","Delphineis"
"185","Cypraea chinensis","Cypraea chinensis"
"186","Perophora japonica","Perophora japonica"
"187","Trichillia casaretti","Trichilia casaretti"
"188","Chroococcaceae","Chroococcaceae"
"189","Hippodiplosia insculpta","Hippodiplosia insculpta"
"190","Saurida longimanus","Saurida longimanus"
"191","Tanytarsus","Tanytarsus"
"192","Croton texensis","Croton texensis"
"193","Calyptolana hancocki","Calyptolana hancocki"
"194","Anaptychia fusca","Anaptychia fusca"
"195","Daimio tethys","Daimio tethys"
"196","Alcyonium carneum","Alcyonium carneum"
"197","Austrolepidopa","Austrolepidopa"
"198","Macrophthalmus microfylacas","Macrophthalmus microfylacas"
"199","Pimelodendron griffithianum","Pimelodendron griffithianum"
"200","Stenogramme interrupta","Stenogramme interrupta"
